elem,avgDev(angst),maxDev(angst)
Ag,0.12249471029167483,0.20692778038208215
Bi,0.0711755442367248,0.09241411443294721
I,0.09732106129818661,0.17051659235079378
