elem,avgDev(angst),maxDev(angst)
Ag,0.35315796224019724,0.9791491416250085
Bi,0.1430910329204441,0.28783626441826615
I,0.13724500736522505,0.43582039715067167
